Corrida,Media,Mediana,Moda,Desviacion Estandar,Varianza
1,3.32,2.0,1.0,1.7485994395515514,3.0576
2,3.24,5.0,1.0,1.7839282496782207,3.1824
3,3.5,6.0,6.0,1.7804493814764855,3.17
4,3.34,2.0,3.0,1.6322989922192563,2.6644
5,3.02,2.0,1.0,1.7028211884986633,2.8996000000000004
6,3.4,1.0,1.0,1.865475810617763,3.48
7,3.46,2.0,1.0,1.8133946068079059,3.2883999999999998
8,3.42,6.0,4.0,1.6381697103780182,2.6836
9,3.34,3.0,3.0,1.518025032731674,2.3044
10,3.64,4.0,6.0,1.7861690849412886,3.1904000000000003